Actual,Predicted
115.8000031,117.35474154052159
18.55287552,18.210733121259395
127.9800034,127.70653887303608
30.625,29.98912803188226
22.75,22.94378350329248
118.5899963,118.9270264257254
115.8300018,116.95704584385884
48.875,56.96009609981152
80.54000092,81.38921524244194
49.0,49.400340952188515
69.15000153,68.56578713802953
81.66999817,80.28342976047885
136.4700012,135.90424837210426
29.22077942,29.28439444811547
24.75,24.75982343543464
20.80170822,20.618427119092424
129.1600037,129.85803268116015
12.64968777,12.502424094708495
51.29999924,51.33451118087781
124.3899994,124.1412067107025
64.125,62.2264690669123
180.5700073,184.05159812508174
3.947465897,3.9618195744543243
112.9000015,110.87075570344865
30.875,30.50978939512204
65.36000061,65.60973151215946
73.25,71.56399013816048
141.3300018,138.60556974802296
27.61363602,27.1655369731112
61.75,61.874954424348275
79.68000031,79.58329958421845
139.0800018,138.89459577900334
59.375,58.34855721367823
131.3999939,136.09550446572462
8.753961563,8.682592512408029
124.2300034,127.25282856066335
25.56818199,25.727672184175447
155.6699982,157.4808544044596
44.875,44.948871500862154
31.97559929,31.8160021803995
247.9400024,247.51965700104284
80.25,80.82986923526073
79.54000092,80.58819511644288
21.55131912,21.47040738473779
31.6804409,31.270497456771423
53.02999878,52.03595267546034
63.22000122,62.920598499149584
124.6699982,124.09138974908817
82.36000061,82.92503348569117
41.375,41.92337587084772
127.7399979,127.47694474804901
42.875,42.10804092788392
8.244023323,8.056356124042892
54.04000092,54.192263150458984
5.338210106,5.137781949852425
7.496110916,7.357013020133891
43.625,43.48700367529701
25.20661163,24.458781619793463
5.176659107,5.234239177648874
123.7099991,123.7916820409003
54.125,53.42926642530908
6.62921381,6.658982891609597
186.75,181.3295722022613
22.375,22.44962564385326
120.0699997,118.67633347699284
136.1399994,137.4891233967109
121.5,120.16495682888448
132.0599976,131.55968128475212
69.94999695,70.21737221312259
38.25,38.009013935627536
55.09999847,54.8507752043273
72.026945113162,68.1271737951634
41.25,40.92872793618956
39.75,39.38079036557016
84.125,86.56862958444154
30.37190056,30.47605990020751
52.59000015,51.8824952242825
155.3800049,153.6589655032139
37.875,38.04807514658186
31.125,31.352612254424052
78.25,77.5590466701508
4.087944984,3.984380034186529
29.23483467,29.19121977681506
121.8399963,121.14851015129702
84.66000366,84.57720658112112
103.0,102.65136595469647
53.45000076,55.138291378181755
31.25,30.752036938372413
7.248726845,7.211758288082095
4.674446106,4.64667229075782
57.375,56.20300911819261
76.66000366,71.00237849088353
113.2399979,112.65862494858737
11.61897278,11.322398538728386
42.0,42.33560920147628
63.25,60.42683175826793
53.75,53.908037773521215
70.23000336,70.3620470233897
100.0999985,99.41512042597952
23.625,23.4292188748215
75.86000061,75.587722428801
101.5,101.01100503640978
83.52999878,82.6535631189051
66.80999756,67.88796507762272
22.25,22.074493073882998
30.30303001,30.574820818647368
5.099396229,5.211017796596465
28.20247841,27.94159122919909
29.14113235,28.962531491460197
116.7600021,118.25260728679426
76.23000336,77.38794975987946
73.08000183,72.88671334443731
24.125,24.205865883812805
53.34999847,55.78155238545014
7.406871796,7.436697293837767
27.17340469,27.268645533474597
142.5800018,141.36734660324484
63.875,65.37976062783426
7.228393078,7.162088776264952
115.8099976,113.92377987082705
54.875,55.60729954757451
99.23000336,101.01941831082473
29.23553658,29.69988974105616
31.48366737,31.266860810518857
49.875,49.43180187965799
118.7600021,118.57710065778123
116.6699982,120.63279679952342
129.3699951,128.34005325302428
171.0,171.32169392545165
21.625,21.202852674007467
115.4800034,114.31681619329765
50.02000046,50.97398026856693
117.1100006,116.21987602151108
75.68000031,71.45388335556008
24.54545593,24.674413471992537
63.27000046,61.40484685334024
107.4100037,106.81952083644642
99.1875,96.09839315009488
64.0,63.84870205479952
28.0991745,28.24178903047146
7.248726845,7.472311520999341
11.99377823,11.945810684555312
114.0899963,115.85362675287672
17.7095623,17.85651442689781
101.6100006,102.59301922053154
30.99173546,30.64195184972303
137.0700073,134.46363855530853
105.8600006,107.16065884940653
83.55999756,89.1484068930587
118.6699982,121.65987252681369
4.242472172,4.1195934200306255
24.125,24.149431698921788
55.5,56.23841118801085
107.9100037,107.268612714179
5.099396229,5.2229282205908305
4.419476032,4.203839434653958
4.759436131,4.700876276643797
29.4222374,29.276867002708123
95.41000366,96.79311500223113
143.3399963,145.88980568585148
71.09999847,69.45488300287349
4.053829193,4.038573309746482
7.734083176,7.700507338999088
136.1499939,135.54097123571927
4.720101833,4.63713658762336
104.6999969,105.25583213147587
7.049913883,7.080416627619016
53.08000183,52.86600275560403
210.3800049,214.07107458838493
28.86002922,29.22218334850414
57.5,56.873310824041894
127.1900024,126.20498067180588
124.5,127.6711451436659
6.871435165,6.9665884705921
172.8300018,172.32716131293944
74.77999878,75.46258027460222
178.2200012,178.02954413167163
146.6199951,147.08222434440748
7.066104889,7.07245773538844
89.25,85.8410221533299
66.75,65.409124511308
7.734083176,7.700507338999088
48.38000107,48.690718875900046
69.90000153,70.71333577151512
4.40402317,4.344528125215845
8.339424133,8.301148293003521
3.905322075,3.9097400502243858
132.5800018,131.4434030025863
23.63636398,23.327666807365958
137.1600037,138.4453434974596
175.7700043,173.0824884273188
140.4199982,140.8939043688165
170.75,178.86910508339116
122.7900009,128.622632423552
72.026945113162,61.64510401678858
61.375,61.508972976180715
106.2399979,106.35682136559451
54.875,53.743558430018226
72.026945113162,125.53611876508151
24.88636398,24.80993925740949
33.375,33.18830031082459
70.80999756,69.81233367083797
23.40909195,23.220703811517552
7.58535099,7.612493112078482
68.94999695,67.8182436623421
22.5,22.14358037145651
6.459234238,6.461858262856353
122.4300003,122.9885110079532
27.5,27.21388389965604
72.026945113162,48.35630120685728
142.8500061,142.70908468747461
50.0,50.45596174903973
93.1875,91.68576887177448
137.0,138.6972919006477
22.125,22.725345452966607
60.97000122,61.55048703290704
173.8500061,169.40835660437938
122.9100037,122.48333480782003
124.4000015,125.45949386091395
85.08000183,87.88615483031515
51.875,51.112716226586514
8.526826859,8.585293230407082
98.25,100.18423412749974
155.2299957,153.12924071060655
75.06999969,77.00639684101938
33.25,32.5566466848431
5.439354897,5.47138032014378
78.87000275,79.22453188232667
50.75,50.215058884535715
119.3099976,120.60295009220701
101.9899979,102.98644117152875
141.5500031,141.89514924314216
9.65124321,9.596963538870256
109.3700027,107.88243691201782
75.61000061,74.69085530916597
104.1200027,100.78484587721995
129.0700073,128.83886671603426
52.34999847,52.42850963866279
205.6499939,206.03403876264179
33.625,33.785686495644185
200.7899933,202.12631963710504
118.3799973,118.48693733141482
61.0,63.8878214114355
98.44000244,102.62539013292299
75.29000092,75.63015084529172
153.3999939,152.76822256291084
21.875,23.018659605997364
60.50999832,60.31196471879197
20.05209732,19.801560214116087
119.0500031,124.10107774806022
111.5999985,110.23409053825947
69.91000366,69.58077931384035
137.5899963,139.2955438346242
54.0,53.98159783048616
99.26000214,102.26138913831285
9.089035034,9.040795765603093
5.949295044,5.950835809067115
7.049913883,7.025941568540119
176.1799927,177.3620136578608
92.80999756,90.38789032963092
7.649093151,7.646303353113112
5.362092018,5.424888483790909
44.5,44.64369120478119
53.625,52.54410465112833
49.0,48.91879604520753
118.7900009,118.7096822624436
81.30000305,80.44145784843079
102.6399994,103.39371655471845
8.526826859,8.454844864117177
53.0,50.56067319368421
79.55999756,78.09371626888066
29.04743195,28.668567179652634
4.087944984,4.300874501557274
49.90000153,50.17611215914618
46.5,46.14436609336306
3.772870064,3.8738492109130647
50.25,50.617753065076556
174.7299957,173.67956507786255
126.4899979,125.78552885340501
43.375,43.485785746479166
69.5,69.99555489514876
84.44000244,82.19094429312604
119.2699966,120.6622956976508
123.3799973,122.50499045405721
119.4000015,119.77600214227155
86.25,86.70860800290212
48.9375,48.878935495479794
50.65000153,51.61706897649967
59.75,58.09284466472441
108.1999969,106.19941085591817
171.3300018,170.25208333215005
5.238470078,5.176466569633192
117.2200012,116.5912093214813
173.0200043,173.06558682184976
68.02999878,67.43944214893187
21.83242416,21.760275854469448
135.0700073,133.63263999530494
44.02999878,43.490941855374295
7.904063225,7.9301543943882535
128.1100006,132.3724730339299
29.70334053,29.052331521681353
78.61000061,77.63888854198177
141.2799988,141.70219884732012
119.3300018,119.22268351657704
67.16999817,68.26638960095417
29.14113235,29.840508704170993
31.25,31.200381110172273
28.48522377,28.849494154796716
20.875,21.40595442819157
183.6199951,179.54965945414497
29.375,29.511178584802387
132.1600037,129.336961883429
31.375,31.50518109914858
75.31999969,75.12803845806567
72.026945113162,97.9713566694552
83.1875,85.94665725436913
23.0,22.83297453177616
30.16528893,29.501630065945356
41.25,41.23868607864322
80.33000183,79.34609316593581
19.95839691,18.60624451987227
185.4499969,183.36284460735482
40.9375,42.470426817409255
140.5200043,144.55803258174635
29.31916618,29.39100576386261
118.2600021,120.32363447459696
53.125,53.80377523814617
38.875,38.16437038104506
7.564103127,7.696085094578564
21.45761871,21.70836664658941
6.405851841,6.309242600687952
123.6200027,123.70630969610787
50.56000137,51.477684907001745
116.8000031,119.29458904470542
22.5,22.389640580534355
3.708651066,3.7032096145029385
50.70000076,50.252311827017756
19.39618874,19.661961671479986
26.65289307,27.241755553199688
96.43000031,95.56296127510407
111.8099976,115.61671664713401
17.42845917,17.52975643556192
53.125,51.26595184720658
17.52215958,17.58475110245432
95.83000183,99.95164682272708
20.625,20.5223445104552
78.47000122,76.63770268767648
197.1300049,201.41922721712
46.875,45.1353843563533
22.625,22.434995850045688
77.05000305,75.51492841920232
22.25,22.264564211567553
6.62921381,6.526466599259734
83.0,82.67980486746231
24.65909195,24.986854549512067
129.1600037,127.6416092009955
95.83000183,99.46157551859372
79.51000214,76.81442435706268
37.25,37.12456008331979
17.52215958,17.141102149357394
127.2799988,126.12055364151908
72.026945113162,79.10761724837286
67.90000153,67.61605685676776
7.136343956,7.247152790973459
37.75,37.322087476758185
7.215006828,7.202479272714598
22.01982689,21.74666862923035
30.26859474,30.4090347996475
5.857983112,5.894983075178288
162.8099976,161.4705302545368
114.8099976,113.76549489864819
114.4800034,116.65059580075436
72.026945113162,170.157259777859
41.0,40.7842543789387
13.02449417,13.29356764494009
26.70489693,26.385864400968785
187.4400024,181.9483662535903
118.0,118.18753950323972
72.026945113162,161.85864325811147
119.8300018,119.58951633908495
72.026945113162,52.88255536435079
4.419476032,4.392185719534723
115.9599991,115.57101954754987
10.86936188,10.614488502115371
24.0,23.937262345600708
22.375,22.936132736223072
7.228393078,7.322869136810851
187.2799988,190.66548402359422
127.0899963,129.31831403237268
79.61000061,77.99713865707423
178.9299927,177.54298463283124
130.4600067,131.1376366793757
39.75,39.70495418456869
24.17355347,24.69191183901168
30.78512383,30.816107414985247
67.0,65.66557207380609
19.67729187,19.07770741761341
37.125,36.698728280091636
99.20999908,98.59896948057585
23.125,23.03256460709079
101.5800018,98.62657956446014
131.3399963,129.93431365808306
17.05365372,17.401351006584953
72.026945113162,59.24497953778275
78.56999969,77.93416178111525
190.3999939,187.05644727225388
42.75,43.01809836963707
48.125,48.3607483490192
52.5,51.5161128010934
136.0399933,136.8895927282095
139.0500031,138.45172678996587
67.625,65.83886210772408
67.73999786,66.80192997270125
66.22000122,64.36804829827955
86.875,85.89667265839853
22.875,22.960052640850357
199.5200043,188.7445632568955
129.9499969,130.3248611409754
24.31818199,24.215112284281645
23.96694183,23.25109526336258
7.989052773,8.139262649013062
169.4700012,170.67105688546135
51.61000061,51.76335452574264
51.875,50.97771076017055
52.86000061,53.49729614891352
23.875,23.916752544331644
114.2600021,114.06063269120108
134.8300018,136.0200277506835
63.34999847,60.83871976811736
52.5,52.97380763479667
121.7900009,121.32803307547961
27.38636398,26.90061241703654
93.5625,91.88412968413739
174.1000061,172.05460509872088
128.7299957,126.51520592179429
126.1699982,125.63538913469745
112.8899994,112.94291484089861
49.5,48.759114483426266
116.6999969,116.47923734322889
72.06999969,72.17085523079712
80.13999939,79.87186612556609
122.4100037,121.39860301743293
67.125,65.86999309777829
65.58999634,64.85991671529122
171.9700012,172.21684036947187
114.4300003,114.98339042643852
82.76999664,81.25405108121308
20.70800781,20.389522691766615
38.125,37.515942741637666
110.2900009,108.76156809793491
112.6699982,112.6846703743843
119.1399994,118.35380597949067
159.1499939,160.50856570566137
116.75,119.08284271414794
64.65000153,67.14492403661443
114.2900009,115.14141497137399
28.7663269,28.65540888752527
116.5400009,114.17616534242191
126.7600021,125.25575519166912
23.375,23.415920159877324
119.1299973,117.83113519595915
119.7300034,115.10310838420665
48.45999908,48.700450277560265
7.049913883,7.127586880332373
18.17807007,18.019071834464327
167.9700012,168.16567935573295
49.88999939,49.68591122856666
69.19999695,69.9999287273631
137.7700043,133.87372178656523
104.5400009,104.34062672412621
133.0,130.7277026763332
120.4899979,119.76613774593619
29.8110981,29.90809031033654
63.5,65.2193783809878
130.6999969,129.12721126637885
30.30303001,30.18739961634011
132.0800018,131.02673782508268
14.43001366,13.982816688356117
23.375,23.243800508202504
105.0800018,109.16045866669465
135.2299957,134.82341654017145
105.9800034,106.66671809293207
52.5,53.71979012495591
11.90007687,12.150480172345517
32.125,32.405383382197236
126.2399979,124.00549488968828
102.4800034,102.65921436672267
70.69999695,69.08172815344732
39.125,38.99025023912988
197.3600006,178.9962785355609
117.5599976,116.96637349428173
108.5999985,107.08800364324821
49.5,49.412260006318824
7.139153957,7.118184172834859
4.040450096,4.012978257840004
203.8800049,199.72109318256727
3.666507959,3.7087219434458802
75.01999664,74.66660098495613
45.375,46.68693448489196
135.5200043,135.74011224670625
219.5500031,222.09335765248852
44.625,44.48343061974609
73.56999969,73.19977994920693
76.05999756,78.21555024628462
52.625,54.13668744006162
37.75,38.27567374039804
129.0099945,130.27749496738937
41.875,42.390731938379936
85.5,88.97119319783005
5.562976837,5.472062073405553
81.19000244,81.87322799605262
71.05000305,72.32799558922756
72.026945113162,41.01095854668078
4.017705917,4.050933101686184
137.1999969,134.7467537622937
82.3125,84.70388748751098
58.75,57.27506357266435
49.04000092,49.13502631993788
120.0500031,118.95357943974764
7.139153957,7.298111522683058
69.59999847,69.06598868453374
161.0299988,158.48399231776918
5.787744045,5.655143048299408
19.0,19.55317507352691
108.8199997,105.72053052157082
124.8700027,126.03672221920328
57.68000031,58.940218511943876
6.62921381,6.505858706004062
96.91000366,100.88453847536337
121.3000031,119.90731793503477
59.54999924,57.83576070720848
6.969173908,6.814549090595634
69.15000153,71.40955142009251
79.16999817,79.60573357399693
81.05999756,76.98166815179029
77.87999725,78.33485643800473
29.875,30.011082195449532
68.90000153,67.43576628806558
50.875,51.148605100624906
174.6999969,177.6240331323194
5.773695946,5.75696191319409
128.5899963,129.08573614970845
70.0,67.11797553215816
54.25,53.33215730430253
114.4700012,113.55670895936692
12.46228504,12.517068981870587
67.29000092,67.38065266752724
150.7700043,152.98670245610202
18.4591732,18.15164719582969
137.5599976,139.63212039478424
71.56999969,74.37775922367764
79.08999634,78.01076724145041
148.2700043,145.16776996202532
62.11000061,61.9381469990584
28.86002922,29.255560744932808
65.44000244,63.06035629544164
123.5400009,103.81877870355864
183.4700012,176.50621702014087
21.45761871,21.36111592152445
80.31999969,80.05706156811426
44.75,44.71342554391484
131.6999969,133.82371974556128
119.9100037,94.75498795247216
35.375,35.64101894909024
105.8099976,108.21541766648784
238.0399933,233.59367835329027
32.875,33.10271129529686
29.61432457,30.18252821060686
10.40085506,10.274416839569
5.686598778,5.932529106995929
20.14579964,19.19689581951834
136.0599976,134.1410202825287
121.1200027,122.83394887545069
14.89852142,14.254049550522161
116.4599991,117.17530579175536
21.45761871,21.52830793266783
65.91000366,63.58843972483163
116.4700012,115.43642277229992
69.95999908,69.00316982164563
7.215006828,7.202479272714598
85.6875,84.71329768657077
23.97727394,24.23014999746691
69.77999878,69.50218118233585
29.61432457,29.964959387242033
44.09000015,43.18716728959953
135.2599945,136.47018893071606
28.71900749,28.750043077391013
83.41999817,84.01979867856666
4.504466057,4.564623300933874
66.79000092,67.28742671199586
20.125,20.08311647415821
49.0,48.72865034667535
129.5700073,130.32680514072158
44.54000092,46.25372491743901
8.031547546,7.901057341212962
4.249495983,4.283777748400524
5.099396229,4.961305154707304
3.58556509,3.598940709376251
42.5,42.77944470430897
121.4899979,119.51342325704218
41.25,41.2837279403811
79.91999817,79.74987998662729
192.0800018,188.2427989050142
51.36999893,52.26705935505463
25.7678833,25.696971123658848
119.1800003,118.50029546222967
31.75,31.662397504514672
30.00787163,29.890609457162462
28.92561913,28.919707809817673
63.93999863,61.40558105924305
47.40000153,47.70056504686912
17.42845917,20.584208508137223
52.34999847,54.602863193263886
23.25,23.37163872787808
140.5599976,139.89971567101145
73.0,69.70209104564502
59.54999924,60.90015777036998
112.8700027,112.73055478838515
55.53125,55.96122649062514
44.0,44.165167296167795
76.5,78.17670819839103
66.70999908,68.60846312041528
48.25,48.908855791960974
4.326759815,4.454586926569718
150.4700012,152.1019774704927
168.0399933,169.68443921567444
7.479113102,7.423884660895212
177.7899933,174.52762058270787
174.0599976,176.06069359696454
58.75,56.071875935564826
68.26999664,70.08946683537107
22.375,22.299243449285143
77.01999664,77.51036384578167
22.75,22.638665339722046
125.0699997,95.06995532637598
23.125,23.210517264580332
90.11000061,90.40430635845257
62.20000076,61.76326526984542
85.01000214,84.69220107711
23.875,23.706315260129642
30.54665375,29.52129047864142
63.29999924,63.413470039873395
33.375,32.913890929907275
40.125,39.24997671618493
6.62921381,6.69861543572415
21.625,21.98910495536778
48.79000092,50.05749002213297
71.25,70.57263464014261
29.32853508,28.413163972891148
69.76000214,69.56570097333784
96.77999878,95.45576933806113
69.25,68.0803978520532
54.75,59.97545532998396
142.8500061,143.63571923107298
5.640240192,5.585578265445349
4.040450096,4.054145144776314
78.75,78.38531532777897
54.31000137,53.07775418839403
50.75,50.42563486474832
131.9299927,137.14251062975356
65.5,63.885317756408355
123.2399979,125.52446138130978
89.6875,85.00282426435429
70.29000092,70.12148844356004
73.73999786,71.55229893781501
32.375,32.32877608558387
22.75,22.604296725537907
187.7400055,187.64411776572632
7.479113102,7.384771368253098
57.99000168,57.35915701516447
8.074043274,7.978573024189558
88.75,87.41297830911756
113.0299988,112.70926750171952
182.4499969,123.11445479272899
125.6699982,124.75337654724203
56.04999924,55.93390563891487
87.29000092,88.99835037710423
5.69432497,5.702797425368075
51.90000153,51.91930968089515
22.125,21.959633803422683
18.92768097,19.445132147008934
124.2600021,123.24050978426905
125.3300018,124.69766752247799
115.9899979,118.44772370406147
51.15000153,50.29585828993717
137.5500031,140.38129329906286
83.97000122,81.80376637703938
126.9199982,129.48605474093628
6.034285069,6.096333496869221
63.65000153,62.924581343060595
126.0100021,124.22858369936004
31.87721443,31.394603702730926
106.0,104.83588931693397
4.158185005,28.692874142852013
13.21189594,12.606509704461558
4.031753063,39.70145113187586
177.6799927,178.05807897231767
176.8999939,176.41566101853397
28.625,28.719729936350497
131.7299957,132.34225031255986
22.375,22.378903114686665
23.0,22.923058255251917
128.3000031,129.67799039017572
154.9900055,155.51455591471347
133.1399994,132.19047892020583
18.83398056,18.520702731890374
118.2600021,119.92939613854449
43.5,43.451837423641514
138.2799988,137.04978051435515
64.33000183,63.860067434389435
29.44214821,29.435257390323905
6.204265118,6.173590290973905
231.0,223.10582946195092
73.63999939,73.88607140823616
109.3000031,108.16895691465223
208.3300018,211.20005714275345
44.75,44.49668791768197
49.5,50.11395054387787
72.026945113162,76.78780880237225
156.75,125.00494055355071
38.5,38.33232780698636
79.69999695,78.5296406256692
126.1600037,127.44432847115105
134.8600006,132.42915488895324
134.4900055,135.95907860615708
7.777215958,7.813430798216515
19.375,19.840363791784867
90.75,88.33888886717122
82.05999756,82.22191167668771
5.315732956,5.37861767636393
23.125,23.435726573269726
129.6600037,128.5031254439915
4.504466057,4.38513996249867
44.125,43.658255893689706
3.694602966,3.7433244020389935
60.40000153,60.852218445977485
38.625,38.53902660440366
121.6900024,119.96584793686984
100.6600037,100.1917787595968
117.2900009,118.4492157568064
125.2099991,125.24531909977883
51.0,50.99035531360366
35.125,35.6556515553376
89.37000275,90.58292626931132
5.439354897,5.3950197645724955
19.2087841,19.390864952594022
122.4800034,124.00308030479334
51.3125,51.354548618162525
53.125,51.731802221110144
114.0599976,113.89913569099816
37.25,55.54089169388626
108.9000015,108.14811749289389
80.25,79.8738804940735
140.5599976,115.18713261259086
72.026945113162,75.54752170076787
39.125,39.54921486224127
79.63999939,78.48923351244993
32.75,33.00799636405162
21.27021599,21.323974728367283
117.5100021,113.98249979328999
83.25,84.01835517049008
73.69999695,77.00761459765918
75.33000183,75.01264342902907
104.2099991,103.8634311542765
60.875,60.62747778088895
66.0,65.17554781024758
22.5,22.5809936690494
3.919369936,3.9409165073779064
106.6900024,105.21038507243051
135.9600067,137.49729612539534
81.91999817,82.62615150650774
165.9299927,159.32856969340298
7.309134007,7.4452573259596875
226.8300018,228.8805870147972
123.0400009,124.40230964681953
183.2100067,188.72792419998103
67.625,67.51765969372175
125.9800034,126.02642135252526
80.48999786,80.25384996055394
126.0699997,124.81090581873805
8.526826859,8.387317123087165
136.7599945,135.2247446425867
8.49899292,8.459994800433762
47.79000092,49.75231531166369
6.827290058,6.961681791590678
78.63999939,77.29865010073087
118.75,118.68311056489654
113.3499985,112.77872938840454
33.0,32.299280015834576
52.65000153,52.78246363096909
109.8000031,115.19744538314214
56.375,55.13809435563964
42.0,41.8870283566418
78.58999634,78.69598106294194
7.220632076,7.219230521752351
67.12999725,66.4131948568953
10.21345234,10.119920599606942
58.5,57.55727606216169
7.139153957,7.169487131334705
3.786248922,3.659367791282307
37.375,37.93292565927214
87.19000244,82.77293740968442
120.0999985,120.22509900524729
17.42845917,17.440888185401974
13.21189594,13.302435956055113
4.249495983,4.336675269358707
30.10625648,30.965718163670623
117.9899979,119.44761410078192
146.8500061,148.60642288669544
66.30000305,64.14975319522976
20.6143055,19.257748352203976
126.4300003,124.88174639559492
22.5,22.559131995692134
48.375,48.78561833177257
132.9499969,132.22245832759899
115.5699997,119.71853777926827
105.5699997,105.5100053079168
133.6000061,134.09352951708343
4.674446106,4.433401750972365
61.08000183,63.28142900403651
125.7399979,124.57967949522333
115.2699966,115.2035965119046
43.25,43.46123371614533
25.51652908,24.723921727681336
29.64875984,29.45507993555068
4.88867712,4.917029546580537
72.026945113162,75.02470980749234
125.5999985,126.51940475760358
63.31999969,63.8601604408622
31.75,31.617355642776793
118.3199997,116.74362489802358
69.41999817,68.60112066388069
6.960674763,6.927034279021129
53.40000153,53.68541697672762
137.5800018,140.55977254140856
5.253922939,5.24404972041269
22.875,22.75325343232069
56.15999985,56.17555099693253
13.68040276,13.587742594399757
131.4700012,134.13801084514745
131.2599945,132.1377568917128
121.3600006,120.91439802428096
22.25,22.129438626353917
121.9000015,121.26934044527029
5.127490997,5.0751772912362725
25.34090805,24.796251450665302
47.15000153,45.403660806221424
18.74027824,18.8852751212469
66.0625,65.07932760528098
43.0,43.35798085436372
30.40141678,30.529792540042656
64.0625,64.25867812423652
81.29000092,80.2536302367795
7.564103127,7.464222040722092
6.204265118,6.179333446305563
4.144136906,4.114339117988379
66.52999878,66.1507326335375
67.11000061,66.50170190590732
4.101993084,4.122614069518889
175.4499969,169.26488388004864
57.0,55.415920246333954
43.0,42.82908031478718
53.375,51.586609564599904
107.0800018,106.95962979521036
47.45000076,48.208202602663064
17.52215958,17.433120328446968
139.5599976,138.6125203619943
111.2300034,110.68132703912015
127.1100006,129.3938990998719
133.2799988,132.16845819834722
128.6300049,127.48369704111235
12.55598736,12.779861415367307
139.9400024,139.54080366769256
73.58000183,72.34285165705099
233.9700012,238.9756404779602
105.4400024,106.04301109759224
44.5,43.98884890504349
17.05365372,16.97643096989514
73.44999695,68.66844150674822
184.8000031,186.9659177107
49.5,61.74114259666365
131.8399963,132.55300333092268
57.125,57.60858396586406
23.375,23.415920159877324
7.853068829,7.78343051158771
117.6699982,116.38292721370601
183.6799927,183.6689081374972
75.56999969,75.620479343743
139.6699982,136.93218193276152
43.875,43.26301229542546
118.5500031,118.41622199420804
25.20661163,26.565343552253026
32.12809753,30.095149180723183
176.5700073,175.05135877044256
59.25,57.75206349403902
12.64968777,12.569887549433368
29.95867729,30.029440727153535
64.38999939,67.13633855185496
23.125,23.0027793547074
105.9100037,106.46745156229804
201.4199982,198.53345081540073
27.5,27.45956671995056
33.875,34.133160399120406
129.7599945,128.94457817237625
24.0,23.883946569126152
20.98911285,21.366192683095903
74.80999756,76.64798888235828
95.59999847,95.01604077529393
14.05520916,14.113793360771794
71.13999939,69.56941924419311
17.42845917,17.49130090445223
43.875,42.82420873041619
124.4899979,125.228688759227
6.119275093,6.150011176729109
25.0,24.841829427783416
63.40000153,61.42982125254043
55.0,54.936274185193405
27.17340469,26.969157632959224
66.70999908,70.23300041444676
43.875,53.83472548252607
73.34999847,74.22495940731297
73.15000153,72.08106594472177
77.83000183,76.91883289651096
28.18181801,28.058197060274217
5.661312103,5.490746989815705
132.7299957,133.48526661827603
106.9700012,104.34178539116915
82.01000214,83.81363983466139
84.33000183,84.25919025859054
137.9700012,136.1214910323901
5.593882084,5.677478091976283
156.4600067,159.4892680805413
18.08436966,18.00092952015055
72.026945113162,84.06400248711279
125.0299988,104.248487716319
40.9375,41.00178476572637
51.0,51.320380179942106
81.77999878,81.06479481778777
74.08999634,74.71131844814255
124.3899994,123.49050455590303
132.0800018,132.21686242379238
146.8000031,151.34779577452963
68.75,67.96655963386638
58.65000153,59.10258902979031
104.25,104.73079387387773
5.524344921,5.690108108951861
72.026945113162,168.2015240240405
118.6299973,119.53437050636123
134.8699951,134.79166251417578
227.0899963,227.88736431360576
4.101993084,4.158604764047169
22.625,22.764050262900106
78.36000061,78.1424616660253
131.1699982,131.15185160209825
23.05054283,23.695842858310975
164.4299927,168.10786342013068
25.7678833,24.995413797328638
123.0199966,119.11351708046641
27.75,28.218221293292864
137.0399933,137.40099780056852
42.25,41.85571465201875
131.0200043,131.28354469471705
24.79338837,24.95511353610108
78.80999756,76.49043843229467
127.2300034,129.76284155217994
6.960674763,7.087814983326524
20.52060509,20.628462391535187
128.4299927,99.45199860137743
49.875,50.307834430931564
23.25,23.136747365980604
99.09999847,102.34233598806463
92.97000122,91.13189345313317
123.1100006,122.31210518864987
32.5,31.990398408077624
124.0999985,125.21692777873793
8.995333672,9.015690027835696
26.59090805,26.7602522765389
72.69000244,72.1770566975915
72.91000366,71.71404848689099
56.0,58.65899332135478
129.8600006,127.48010828299438
80.30999756,78.70149245816764
139.7100067,137.94589875735585
4.045801163,4.058326614550822
141.9600067,141.91371239767466
113.1500015,113.97923880913731
140.3699951,140.6365101581991
5.686598778,6.007960215948728
59.90000153,59.997220201371576
79.16999817,78.35534519783322
189.8899994,188.27499213123497
76.94000244,74.53307236701318
127.7600021,127.96930162358456
86.88999939,86.41007343756074
13.77410507,14.097339054937095
58.90000153,58.50797890321698
40.125,40.03467248697836
105.0400009,102.96093468976872
8.152021408,8.114514031306982
69.86000061,70.4793006689878
75.84999847,74.92452926847756
21.45761871,21.722788486017897
72.026945113162,112.82015943848
43.25,42.965773237028664
171.4499969,169.7880848944833
65.37000275,65.81494953185138
56.04999924,55.70041066162793
71.375,69.14766390552394
4.867605209,5.0655613208620025
6.62921381,6.679590441105788
78.80999756,78.9096858467079
53.81000137,52.653332145763414
21.3639164,20.582845150238064
124.9899979,124.66796224233957
107.0699997,107.11871384869455
63.0,60.982056257819
56.75,56.5097135106502
4.249495983,4.334009804167621
20.875,20.788442192905535
53.5,54.47418274303286
7.309134007,7.195173503158415
29.32853508,30.028981118699868
7.942307949,7.942148662690585
9.932348251,10.049940678254202
122.7099991,119.5109738272655
137.75,136.55946775775803
3.665838957,3.6387781254993
117.5500031,118.64569316319788
117.8199997,96.63457500429092
38.25,38.16552578073842
113.2399979,111.8003954832042
59.875,59.62860755305348
51.875,52.84230930488492
34.125,33.50586619362314
31.77882767,31.588471666201706
22.25,22.30960607330543
56.25,61.96355085784889
5.454808235,5.446087940046951
76.94999695,75.56426416131214
48.75999832,48.182135754683415
29.25,28.2191928910268
29.51593971,28.191197011271313
9.744944572,9.704518882451246
24.65909195,24.51367286449731
3.989609957,3.9881779402754773
55.0,55.05881349693332
52.75,51.206366667949375
78.29000092,77.5691157456075
156.6999969,154.35445461496698
23.0,22.752575468082966
5.310113907,5.144715098824307
128.0599976,128.28676372548568
41.625,41.25729784433345
47.75,48.27496565262406
88.3125,89.62018238472224
13.86780643,12.993858870458105
58.95000076,62.544700482717374
8.058320045,7.959715231030415
91.0,91.8367439574839
29.04743195,28.86900877650819
57.125,57.349730059121754
79.93000031,79.32707854342323
120.5299988,125.12484403570105
136.0099945,132.28458729149636
38.5,38.001437193750895
181.8800049,123.0105704875035
5.779314995,5.624739342865496
80.16000366,79.52826880671509
5.843935013,6.080114982170969
83.90000153,86.35205175051176
7.674590111,30.860150975075193
93.5,91.15886955252438
59.59999847,61.468836784130765
132.5200043,133.00760290009524
82.94000244,81.38156178303424
19.67729187,19.644000850927696
185.9900055,185.1139344447165
182.5800018,141.09936554216208
30.125,30.853684685367938
7.228393078,7.2264010580591815
77.58999634,76.13268209681065
188.75,190.4347264204036
158.4199982,159.93852038732388
21.125,20.719149129600552
37.125,35.84843770641602
85.05000305,84.65381846342328
39.375,39.0329730176665
7.228393078,7.162088776264952
178.5500031,175.648889607059
137.9199982,139.05550019543682
30.64035416,30.704953163390385
4.589456081,4.623093176513024
23.375,23.784302849057042
30.625,30.12822213240564
44.75,44.643878274756574
128.8800049,126.43354427578828
4.453190804,4.486833379918494
28.86002922,28.581740279489537
119.6699982,119.35926185190743
6.714203835,6.7438117487764515
156.5,157.1652386655656
6.85538578,6.857054985493619
176.7299957,177.56632755484804
7.763830185,7.760822810076164
117.3000031,116.37251885250208
4.913962841,5.069302623228708
68.55000305,67.8290683894592
73.48000336,72.74310325856476
41.375,41.063040778698834
42.0,41.63092181446204
8.159032822,8.070805225273062
17.52215958,17.60395280395445
40.875,41.32141665199901
23.875,23.308988704889714
39.625,39.7959323346836
4.589456081,4.499061338144259
61.5,60.9239632305216
7.139153957,7.169487131334705
53.1875,52.85024769164853
48.75,49.03354399664637
77.65000153,77.12173779049083
122.7699966,123.32093573896526
81.54000092,79.52865683439623
25.20661163,24.6591564213267
3.877226114,3.8360313645965647
47.125,47.89395447481424
89.54000092,90.3453830099632
61.13999939,59.484537755008766
121.6800003,121.37229563068986
7.870916843,7.798189672019518
31.38996506,31.13634181350882
122.2600021,123.06683435557305
120.3799973,120.32134676889333
151.7700043,155.66150873763286
7.262774944,7.215160228720251
49.31999969,48.98670143792259
8.477745056,8.2769007304652
5.392996788,5.401583416052645
80.51000214,80.07510770520214
31.25,52.97283715959361
6.672762871,6.742178776499202
111.6600037,110.9029782073062
73.91000366,74.40839871561573
84.68000031,84.29027204912002
75.30000305,75.56474090901612
50.70000076,50.99584726816953
6.62921381,6.4879204355108016
31.6804409,31.66047080013856
136.5299988,136.69411540255365
52.22000122,54.73531738107468
105.4400024,104.74820699132798
23.875,23.87887760499391
180.5,180.04335206561382
36.875,36.1527823020947
136.5200043,136.08946589309562
7.763830185,7.82513457623115
84.625,87.74484984268814
100.4499969,103.2533223044416
173.6199951,174.73388021317317
135.3000031,133.2620604018338
64.25,64.20980014407914
123.3600006,122.9074521622062
67.94999695,68.41539447155029
21.92612648,47.931724067920044
4.249495983,4.298538447634343
64.83999634,65.6830587354193
80.75,78.87267924137267
32.0,31.722982397063262
28.92561913,29.237212828257583
23.86363602,24.3016974613086
107.1200027,104.01159808158663
109.9300003,108.38094663654601
22.875,22.69876801893883
55.875,55.25681394778873
11.33786774,10.87276527541843
84.625,82.84486701331811
62.58000183,62.94573326333758
23.125,23.25555912631821
83.875,87.95178279094635
242.1499939,156.92637500952387
17.89696693,18.168023594039433
51.43999863,49.67757382807653
6.995864868,6.908906396026325
87.0,85.95691684087075
121.5,122.69676588723947
29.31916618,28.92123025589664
77.06999969,79.38747718031671
7.479113102,7.537895381978899
79.06999969,79.37865527325388
31.38528061,31.62510477637838
7.853068829,7.976366669451394
131.3099976,131.30799263173753
143.1900024,142.8043483413659
177.75,183.81446033518583
119.3399963,123.02356981217244
79.08000183,79.12214087572123
155.4799957,158.40779802712726
120.5100021,121.24311640318447
125.6100006,126.30962786769557
23.5,23.804007397470407
234.6199951,234.94199356980727
84.77999878,85.79236539434369
126.3000031,126.03181455575019
162.7799988,164.14592187722147
107.3199997,107.23307197428518
55.65999985,54.53903043484705
82.90000153,81.94150107499823
103.4100037,103.06428972916828
43.63000107,44.08189296742161
49.13000107,49.248848414194846
246.9900055,242.38179363005776
7.58535099,7.64699434883353
88.83000183,88.85488012151714
7.224143982,7.314034290468086
52.22999954,53.705798366659444
41.125,40.939319034157116
6.714203835,6.701817804882808
110.1999969,109.31755963902872
57.25,61.98436218442102
179.3899994,179.86204727735273
98.26999664,101.6857285709419
60.5,57.75620813591451
115.4800034,115.68121057531789
135.4400024,135.54148398253034
4.674446106,4.64667229075782
30.88842964,30.095660114671567
44.5,44.283356310878176
120.7900009,124.58788165532843
134.4799957,134.71418164281792
7.904063225,7.931414624457972
51.22000122,50.67001332048278
92.11000061,90.92376822430211
68.08000183,69.04050665022531
84.91000366,83.48473407452178
51.84000015,51.49221043232275
132.0500031,131.0548471214916
79.16999817,79.65681943981305
32.07398605,31.70349533045026
29.5,29.411155807333955
42.75,43.25532114174169
19.67729187,18.683805860407034
29.85537148,30.487355345891658
7.496110916,7.469090768692723
25.0,24.995167833444242
116.8899994,100.54843056868779
38.5,38.57383289017939
107.5199966,107.38909260456037
141.1600037,140.88375821619462
141.8300018,142.33559270033481
122.8399963,122.4459289650161
115.0699997,114.50531258878058
100.6699982,100.51444127505485
134.7899933,134.99361493423984
80.75,80.56615524570583
3.891273975,3.8705084527540095
72.026945113162,245.64262331359737
19.95839691,20.347665608526448
97.98000336,101.04608916091325
7.066104889,6.994825197853345
181.5,182.53036265668172
103.8199997,102.9284327661192
103.9899979,103.52559564730657
174.8500061,170.4285314771933
29.625,30.125007916401863
77.51000214,78.05767669231295
187.7700043,124.39513778272449
132.3000031,134.0897388619061
71.97000122,71.86879560634743
72.026945113162,42.61637521436346
133.75,127.771680565203
104.0999985,105.43055101524845
9.089035034,8.880931436178379
124.9100037,123.07304073437146
95.75,93.5737908018092
76.84999847,78.14113457081423
58.0,58.71718780364091
22.75,22.694380449013664
69.0,67.85188179336059
72.026945113162,82.91364277664816
4.053829193,4.028931570630206
203.7299957,205.54984725798192
51.75,51.17196201245342
79.06999969,77.95590446190135
246.0399933,238.2909889623138
119.3600006,120.51556481036957
91.25,94.30964153880545
126.2799988,124.11172872558163
52.13000107,52.26246829653172
24.54545593,23.749979266608015
135.5099945,134.40279955768347
102.5999985,101.3243605844576
74.59999847,74.83917771139319
124.9499969,123.85937401719295
135.4100037,134.94220199478252
29.875,30.123781384778376
121.2699966,118.60958329696271
5.07130003,5.437859189570474
40.25,40.16944375238736
123.5,125.47904423626649
119.5400009,118.47223203792703
145.3200073,140.9498316574692
116.2799988,114.34694954389704
18.36547279,17.81716044054491
75.25,74.07859495246574
214.1699982,214.53004515748563
166.3699951,164.52833620646564
6.960674763,6.959190420098409
181.3399963,179.18367331858659
7.406871796,7.362547730039907
52.09000015,52.187255202081914
112.3099976,110.28683879480496
120.4800034,120.40969683365927
51.0,51.3203074853278
90.09999847,91.2691968363386
72.026945113162,40.17026521231103
127.3700027,127.17010261216564
117.8799973,117.63753131497884
24.89669418,24.300922612767884
8.058320045,8.02099018366171
20.98911285,20.65715105726011
23.375,23.198758646464626
6.939672947,6.854878319135594
52.86000061,52.773841192996024
118.1699982,118.57155384175502
62.79999924,62.45528662901931
143.8099976,142.61789141228252
24.0,23.486843728221928
48.65999985,48.37980523964758
44.31000137,43.4928917366683
105.7799988,107.51916985242454
130.1799927,130.73123078039424
7.308709145,7.297321573737079
137.4100037,135.28581496247693
128.9799957,128.94907278464856
7.228393078,7.258557370655865
23.375,23.270715377253815
31.77882767,31.808360295090992
120.4599991,122.39537086265281
28.92561913,29.031123570292984
58.75,59.563547134903516
75.0,72.32291022132989
108.1399994,108.1002565641689
78.30000305,77.9589047448178
66.75,66.53192471820557
20.25,20.34331247316092
140.7899933,141.58561170615792
71.62000275,71.80287186353499
122.8799973,122.10528103755
38.625,37.72482376572877
31.09012222,31.518883420065436
71.98999786,72.68528861800029
5.609334946,5.574068844723584
101.7600021,100.92375871764453
8.414003372,8.532261865550737
31.38528061,31.40501392105753
8.388505936,8.291457038838374
24.25,24.125646005447585
187.1000061,187.03826725335966
127.5599976,126.52119656448428
53.0,56.65321228920189
123.6800003,125.71997012603494
137.0500031,136.7070525089227
49.90000153,50.59325412311051
7.224143982,7.2952309352134534
22.0,22.513844397738453
151.5399933,148.49504240768198
49.90999985,49.245906310104345
31.25,30.270784545049047
59.625,60.71303924258141
69.26000214,67.02649019506104
176.0800018,181.35274693189297
83.4375,86.36544571865677
56.75,56.56971684431719
126.5899963,127.78393063284167
28.71900749,29.234117708718905
76.33999634,77.61176873336586
128.2200012,125.6860280217589
5.176659107,5.069630068151753
25.34090805,26.290882931747575
30.26555061,29.547871727888037
15.27332687,15.614830315406834
140.0599976,139.96434780277536
102.4599991,100.6084649874127
39.375,39.44717361853287
93.16999817,92.78008282354506
126.2300034,125.99120332604616
13.21189594,13.556961136664242
7.139153957,7.201643443931388
44.70999908,44.65323093031628
40.125,56.21965501861248
63.34999847,61.53359583712232
98.16000366,98.75482091121067
7.649093151,7.731344319920552
31.875,30.86794459174896
79.40000153,79.07919553055723
6.119275093,6.089814043496531
52.125,51.25711377939187
6.960674763,30.453360301318433
39.25,38.90829266156097
63.4375,64.57097833331868
123.3899994,123.9905826552408
176.2100067,173.8306201470271
76.36000061,76.60078959794012
126.4899979,126.30209799016754
37.625,37.88065960877742
127.4499969,128.47546362978986
125.6699982,125.72729053068008
169.9299927,169.03431634453443
51.75,50.68568151932921
21.5,20.88043784499466
4.713078022,4.745550684953244
7.139153957,7.265955210086375
62.59999847,63.924836580191815
102.0699997,85.36447321615152
4.579621792,4.5915632880058155
77.11000061,76.03205179528145
98.0,94.05343319467923
67.02999878,67.22306799451347
20.14579964,20.231533835703274
30.75,30.698443066840596
50.5,51.12849849940235
72.026945113162,45.40340699200298
18.55287552,18.51085989349616
24.20454407,24.679129430101746
45.15000153,44.64026056428416
65.0,63.116367173067026
101.8000031,90.97970298684312
112.1200027,112.61384530022838
120.3000031,120.34383339827079
18.17807007,18.182600858107236
119.3899994,120.91976713115275
45.5,44.85796303490537
24.77272606,24.813815256020078
20.14579964,20.242778125442648
135.0,132.45901587025173
23.06818199,22.986934683682342
156.4100037,155.96918380805994
6.883481979,6.753819603252367
80.33999634,81.03520961070801
70.73999786,70.39870192788129
79.23999786,76.76780076641944
6.883481979,6.197566456085013
3.919369936,3.9951444958889937
73.20999908,73.66156315698043
109.2099991,108.9060114369741
7.139153957,7.09401587928464
23.52272606,23.85085496453523
9.463841438,9.356318358842266
50.15000153,51.40542857948813
50.68999863,51.598272107848565
51.6875,52.810196587491745
111.75,110.35819360039926
28.39152145,28.21522958106833
60.625,60.161886219209634
102.5899963,103.17522089480296
4.92941618,5.022687198550358
15.83553505,15.564672520361718
6.374244213,6.123130419863585
31.75,31.884516464634785
96.75,99.20859648829162
22.25,22.28875795715696
58.375,57.18955254310144
50.625,51.52351227760537
27.5,27.5395775026589
132.3800049,132.36771272399017
71.69999695,72.00555530579297
190.2400055,189.51695143960728
47.75,47.14020868162938
173.75,172.5341840509358
132.1000061,133.05694685077935
238.6600037,234.62928056315553
120.7799988,120.83091071145981
22.5,22.764484469459255
44.0,42.87006606685113
40.0,38.793669476613495
118.25,118.23251418233943
69.12999725,68.50298019918557
8.901632309,8.939186201415353
57.375,56.40061326504454
113.4100037,114.3568682650172
139.6900024,140.11314161084417
56.25,57.27050051313551
27.15909195,27.44946714756712
72.40000153,72.34106828371101
93.0,93.5299011202122
43.25,43.71796534919078
180.7200012,142.49292783697388
121.4199982,122.7759307899248
108.9800034,109.382894087399
16.11663818,16.2314486862307
7.139153957,7.054559996808308
49.0,48.544545579168826
160.3999939,158.7517974087961
6.871435165,6.902276189158215
176.0899963,179.79314645713657
73.0,72.38218614773571
30.47520638,29.830125083920073
79.5,77.90758519962037
68.86000061,68.58215352287881
124.0199966,122.96839986200712
52.34999847,54.36257517924258
83.29000092,81.23727055196005
24.83086967,23.597689499964794
80.76000214,80.1652975386116
124.6399994,121.68245385273649
116.0800018,115.25535548377897
91.81999969,91.50034100890502
26.8595047,26.88636784323765
43.25,58.10894622817891
165.6999969,164.69169368828466
106.5,105.20964170027771
82.88999939,79.85052582211712
4.898509979,4.86257689151671
93.68000031,91.66389709412402
140.6100006,141.2339341073955
181.9499969,180.75666345163012
78.56999969,80.18553997599552
103.2900009,102.43594352352815
23.375,23.604135402105527
3.947465897,4.002315050478316
111.7799988,111.92807181297205
107.3399963,108.4108826208621
4.674446106,4.525276365535603
75.05000305,72.37245679973827
166.8200073,171.3375903444317
25.56818199,24.56381168785169
17.52215958,17.365436966631087
168.5700073,170.25145333067974
41.875,41.99799146196696
154.0899963,154.3855234651362
102.4400024,101.30892409588373
9.557541847,9.584896908596725
7.309134007,7.184489390987096
138.7599945,134.7809710787639
165.3899994,167.6253989202134
85.51999664,85.34466877438646
24.88636398,24.72804589922862
82.05999756,81.53401027602546
150.7700043,151.82958610670443
149.3399963,149.36368349121003
66.125,68.51010142063494
131.6499939,129.72617799163632
114.1299973,112.92815582387077
112.2699966,111.88391066567532
54.0,52.223812674440325
123.9899979,123.88619361622591
113.3700027,118.47652353463076
64.94999695,65.39772071704846
31.01516151,30.59820112125128
53.125,52.13513652983067
177.0099945,170.41503810804
69.69000244,69.22996894707086
78.83999634,79.1765587237556
83.5,83.43702527718955
121.2799988,118.39823687820882
23.0,22.958895066909946
4.040450096,4.071437747547506
28.92561913,28.956674190517802
81.5,81.74415508822511
28.375,28.78438232512474
5.006679058,5.167683137298027
146.5299988,147.54938469655585
22.25,22.00550156185505
4.334486008,4.3279333563464775
49.15000153,49.144243561245716
47.79999924,48.622153552407255
78.25,78.90898444328192
22.875,22.323184552131337
7.139153957,7.201643443931388
4.242472172,4.015194820617083
43.875,43.57830532759061
9.557541847,9.49830804581876
44.125,44.28999522585751
7.080152035,7.072200673360939
3.989609957,4.0282475598585705
57.375,57.46435960559021
77.87000275,78.85771803794334
83.79000092,84.43541005357885
50.625,50.87028321710409
44.625,43.90963213859035
70.37999725,70.30505134251369
121.0,122.05551574926614
69.75,69.08186569062251
42.81999969,43.634217127135486
129.2700043,128.955539182932
28.40909195,29.036223828519958
8.388505936,8.35576932063259
67.80000305,69.71503001955945
137.2400055,137.7208736766829
68.37999725,68.64580737953322
72.81999969,72.19222255840452
69.80000305,69.73347633459042
40.0,39.90975340799868
57.91999817,56.83433485097599
18.36547279,17.97340747196911
37.125,37.3153709773024
121.6900024,119.48322771165743
136.0299988,114.11111261492931
47.5,47.787583743634244
103.5299988,103.76892939752192
89.05000305,90.46913633264847
67.80000305,67.93521323648693
116.8799973,116.54167313081044
27.72727394,27.92725240603565
180.6000061,180.69725135441422
7.734083176,7.918210252029326
22.375,22.504103020785095
119.3099976,119.01556822278843
152.4400024,155.7125762482658
206.4499969,205.02448174677886
63.0,61.511615078709944
72.026945113162,87.5807968765851
9.65124321,9.483317828252112
118.6500015,118.03262206000335
102.5699997,101.12857666153783
64.73999786,66.26799694893218
75.02999878,77.9454216439819
72.026945113162,77.34936760940042
134.0,134.12643867419433
4.079515934,3.928408746467923
134.8699951,135.086887686488
62.40000153,60.51667439932446
21.0,20.6551309170681
139.6199951,139.19227459936695
5.605121136,5.415889587077629
7.777215958,7.740419156919984
6.62921381,6.6283580199684025
48.5,48.551574640316915
63.0,61.75842846775973
52.02000046,50.47844738043488
3.879901886,3.937090611136142
123.5599976,124.2491092148211
101.0999985,102.87299969167111
98.76000214,98.20627018597276
155.1399994,154.6381990439945
7.228393078,7.11999536016711
80.69999695,80.83718379923516
117.3600006,117.82634878660885
5.524344921,5.422270797292342
83.84999847,79.67526877714918
51.0,50.64754543025015
131.4499969,129.31125469150223
132.9700012,132.54545745608857
6.204265118,6.112340548051861
6.204265118,6.109645182311482
47.875,48.73457767591299
176.3000031,178.19019712114942
167.2599945,170.25545546979765
117.6200027,115.62895301972114
3.961513996,3.9707790136346404
33.625,33.22205958266906
42.25,42.2403459711717
9.557541847,9.70089092550964
7.734083176,7.736510052002274
122.1800003,121.49150017571691
125.4599991,126.62707253142275
24.75,24.399488541531618
7.215006828,7.246804406999644
4.017705917,3.9457390711778544
115.4599991,113.43694762680278
80.5,81.22512249284152
106.4100037,104.64217202416569
30.25,28.716299915494446
119.8300018,119.06310411927689
124.8300018,119.04727686527534
7.228393078,7.1715059353891775
108.0800018,109.28043945020096
7.317633152,7.1868473419459065
80.37000275,78.93039373293138
153.4799957,155.83259657656055
24.75,24.315936713549064
7.049913883,7.112572596816548
130.3000031,129.86133473003758
52.81000137,51.89945104236735
57.1875,54.345017075475184
16.67884827,16.958359265768877
48.375,49.150776612260444
7.40241003,7.3093568228431565
65.40000153,65.84878650067151
72.026945113162,41.364780395758515
47.95000076,50.122206878369745
6.728953838,6.355675615659507
29.04743195,28.835244560972527
46.77999878,46.307330703476765
77.65000153,76.27203898613314
48.02000046,47.19342272860308
153.5299988,153.10607634000198
60.5,60.56806268691029
114.2399979,114.37432138846623
79.04000092,79.12291998990985
59.99000168,58.49816596229732
5.801792145,5.6541024056956815
6.544223785,6.512904463040115
40.125,39.62780183397367
123.9899979,124.12364206978265
202.4199982,204.88360720868036
132.6499939,131.41955827494147
122.4000015,121.45390926766783
146.1100006,143.37116757647948
79.4375,81.77193367243221
19.30248642,19.07501494575056
93.75,91.63965878275715
7.942307949,7.938962124826631
97.81999969,98.57948667962368
68.0,66.30480990276587
41.125,40.83352018133681
118.9199982,119.18783724401864
131.7299957,130.73230232446562
146.1499939,145.57244641780068
4.677958012,4.664214390338557
130.2899933,130.00475437469228
76.51000214,74.5532456397648
21.02272606,22.003188079986913
43.0,43.04268782219857
131.0099945,129.7099599507169
25.82644653,25.32928078840984
23.0,22.796270967269088
54.625,54.79485364437413
59.25,58.49419212017451
120.7600021,120.00098964157738
113.7300034,112.86920307761164
48.5,46.85280450812717
122.2699966,122.64911155079392
61.18999863,63.41871371072105
38.25,38.41439069126844
85.91999817,85.81191294047463
135.3600006,133.9683173267162
5.619169235,5.538820142179532
104.6200027,100.67116404836821
32.0,32.14501628623278
53.125,52.36034583852006
4.759436131,4.7706578028504225
18.55287552,18.533978251734247
77.23000336,78.28599102719785
67.91000366,68.6181943471164
85.75,85.52021657906883
74.0,75.78033495774922
27.17340469,28.305344602211363
142.1000061,141.79346231072606
38.0,55.80559618350049
78.15000153,78.01164488640327
127.4000015,128.12671716316055
80.55000305,81.67486125976134
31.0,30.727720324675097
119.0,117.90897143991387
82.25,83.23222546105572
3.786248922,3.7676528386221264
72.66999817,74.22724683804559
4.7903409,4.782910806625978
28.92561913,29.490404461666955
70.80999756,70.92805275055025
56.625,57.41989998622049
105.6299973,101.88262588108762
8.49899292,8.429369757273165
7.228393078,7.174500951139564
108.8700027,108.65207543418728
151.7700043,152.41277157223914
50.34000015,49.9209482631597
88.59999847,88.0461877027253
41.5,41.322779770104574
82.38999939,80.7643427467745
108.3899994,107.12003780676068
81.36000061,80.94745949037265
44.125,44.18816614388034
85.8125,85.10900276415546
80.34999847,79.1291484550126
24.54545593,24.791368953296917
120.4400024,118.79716002622393
53.09999847,53.60369618168643
119.5699997,125.07678930436333
29.44214821,29.584900955930408
31.875,31.454911144077528
66.30000305,66.14065353271269
187.6799927,190.7414788221543
7.479113102,7.4328610940961255
6.969173908,6.891572801895336
83.69999695,77.33393946816935
5.779314995,5.6553642145067045
78.18000031,77.84380554975347
27.25,26.717313952814976
59.75,60.830167324084115
103.0699997,100.94034857075717
112.6600037,112.43736500514727
34.125,33.90762835067649
22.375,22.479410896236658
50.0,48.227906784084226
91.13999939,88.92510287102104
132.5700073,132.42137877890423
117.0699997,116.0742704171415
44.5,44.1570782718195
38.375,39.060084813351935
187.1600037,186.67732910621396
81.69000244,80.79014544428694
5.524344921,5.556209177033182
64.1875,65.55670515054231
71.72000122,70.64644766489388
7.139153957,7.105174849540475
5.085348129,5.143535489072519
102.5,104.90355549539102
28.86002922,29.01960012721578
80.0,78.28232150293373
7.406871796,7.285853706039575
24.88636398,24.991907157907484
134.8000031,101.68340652936115
60.5,59.16835853414367
106.0,102.15738253055179
17.89696693,18.02653243830784
63.54000092,63.80489997437499
21.875,22.003023871771575
135.7899933,133.74077877329282
22.0,22.513844397738453
125.0500031,125.47420573765977
7.942307949,7.905669581774276
28.51239777,28.655518284955896
131.6300049,131.72209856324446
161.3300018,163.71248619116284
46.25,47.15337154018929
45.5,46.71798596162954
110.5999985,112.13815394078969
125.9100037,126.78407855644167
20.33320236,20.077369162020105
5.731552124,6.028445551449224
22.875,22.75325343232069
23.63636398,23.64420437653277
3.680555105,3.6720767234631353
112.2600021,111.39651280148607
23.625,23.621303812563887
42.625,43.52441855153302
185.1999969,182.24432608847354
9.932348251,9.942788979247375
48.47999954,47.972639679819615
24.64346695,23.730389159524137
4.334486008,4.337981734286515
51.75,52.6114720873219
55.29999924,54.07999256812755
12.83709145,13.099884153672875
127.0599976,125.75072567951315
73.76000214,72.72445853849015
121.8300018,120.74124258810852
22.125,21.858619243268286
7.027604103,7.093520582321361
54.0,51.849141882530276
71.75,71.22536521853513
69.125,69.75423320436478
133.8000031,135.6374431928265
7.121305943,7.276424006595732
129.6399994,128.40927829126522
8.329012871,8.385051555947697
30.625,31.729133742993845
124.8899994,124.03710837142968
24.77272606,41.83595098707861
52.97000122,51.31381948356806
8.210026741,7.798978400336338
39.0,38.36397613389124
58.625,58.43963270948336
7.649093151,7.676928224754292
125.6999969,123.18397244389726
246.7200012,239.8079162805622
16.77254868,16.825965812207755
7.734083176,7.787764184540791
130.9499969,129.97460746192792
5.225827217,5.5099079100630775
100.5500031,98.16252584562328
7.049913883,7.068003977153836
113.25,114.21198779367508
122.7600021,122.98848488038755
5.354364872,5.294676848413687
4.759436131,4.551398905306783
74.23000336,77.23728001236704
107.0400009,106.64152687410851
7.8190732,7.907835681732607
109.9100037,96.17551325028212
127.6600037,127.77791123397034
78.81999969,78.1395492599464
49.875,50.49564138733909
40.875,41.24204607416458
57.125,57.13542529784987
129.25,128.4771554855515
7.139153957,7.073018880703273
7.942307949,8.035430547337796
42.625,42.77029331073744
122.3199997,122.78953553442446
136.8699951,136.4969105910725
55.95999908,53.30311886940667
126.5699997,125.44590528296729
13.30559826,13.494665193634894
43.1875,43.303093344367134
68.55000305,69.02250402199145
136.9600067,135.85779574278723
58.95000076,55.64931721159864
4.164505959,4.313882483173643
109.7300034,107.826948744097
74.25,71.73143357955682
129.8500061,132.25331537937046
120.7699966,119.24907788200753
116.0699997,117.01383639195205
86.63999939,86.69581741056273
16.86625099,17.127943657820524
31.75,31.10714373894227
48.375,49.50515522055775
53.125,55.52031844469231
110.6699982,110.35838157455436
127.0100021,125.96428161646665
59.25,59.101383676085625
183.4199982,187.59318416089377
66.19999695,67.66612243926271
5.787744045,5.672058675311462
45.25,45.020490582711844
91.61000061,89.8675397417669
3.792938948,3.8097577942009195
20.70800781,20.45501368447249
80.48000336,80.68855300597443
55.45000076,52.81422963376148
50.75,50.89013307833277
25.45454407,24.777998352004794
114.2099991,112.92365680688363
127.8399963,128.2438201440595
53.25,53.04376443209554
23.75,23.472633811947325
162.5899963,159.66066005616807
50.84000015,52.247331268333795
75.44999695,74.50342412264877
40.375,39.93194628205022
17.14735413,17.209431911013944
32.98289108,32.446368490919674
78.91000366,78.06189015677927
3.975562096,4.004630650722433
51.75,51.1701325117098
87.77999878,88.32480920222348
6.204265118,29.86691733089335
78.77999878,77.77955026929664
49.875,47.704031407206244
4.92941618,4.870533991060398
76.84999847,76.07588516374828
5.69432497,5.8252969112121775
55.125,54.09044253885456
18.83398056,18.29702125848368
7.228393078,7.184307641961325
6.630619049,6.768902076078575
26.13636398,25.664561807481405
58.4375,57.83429180131591
68.0,66.54856720703695
33.35769653,33.069807801965226
24.2686615,23.746687856126577
78.18000031,82.08607267109946
125.0400009,122.62556877702696
54.5,54.051547159173296
127.1100006,130.70407482109698
27.17340469,25.952223260417576
79.58000183,77.65821013777389
9.65124321,9.710828453237909
52.75,52.21126626362938
24.09090805,24.343569994792226
124.4899979,128.13761392053107
127.3799973,126.73781626480817
126.3399963,120.30711218665732
76.61000061,77.09933274645587
67.75,67.27983210272511
75.5,75.71539270324669
153.3800049,160.61994498988082
29.54545593,29.761715976867528
127.5500031,128.99653446834168
7.317633152,7.283315592577324
27.54820824,27.84033296286276
4.172233105,4.225723626221296
60.625,58.9565487293946
85.90000153,86.10199387413707
38.375,38.26890248203453
177.0299988,183.15832049496382
80.48000336,77.71074993562358
78.58999634,79.61890296544297
91.01999664,91.23651089769373
76.62999725,76.97581978946499
81.09999847,79.53816645953077
3.973555088,3.967487207844542
6.871435165,41.01588705364506
31.6804409,31.702984575228527
70.25,67.96119735229531
182.8600006,181.60268918392927
43.875,43.57830532759061
30.25,29.842313440553873
134.5599976,134.48288410242654
75.0,74.64185099349666
106.0800018,104.91219425869815
110.5599976,113.37082070338538
23.96694183,24.805629925120087
23.96694183,24.200266063632128
41.25,41.108895383141075
74.08999634,75.8924592080302
64.5,62.75637751267004
172.2299957,174.88383760205855
5.436545849,5.739445940144989
28.20247841,27.83616927590961
7.317633152,7.3710400797385915
42.5,42.64431911909534
120.3300018,119.94801697797655
66.16000366,64.07184551681729
31.10886192,30.310950766822955
50.75,50.86013671912993
132.4299927,131.5203639170773
60.18000031,63.10392198654991
22.875,23.123687390328683
101.3499985,102.8676151378922
49.70000076,50.455443034164986
6.960674763,6.959190420098409
65.51000214,72.63537641680828
119.1999969,122.37635194775758
43.875,44.235478011236026
28.40909195,28.071291692204078
135.3899994,135.92735236699275
137.3200073,136.30864864657394
57.625,55.30138372985212
5.703455925,5.784343823160839
73.58999634,72.49472504159846
27.89256287,28.479676916040347
97.375,95.27325078982727
79.09999847,79.41714355040199
113.0400009,113.96671482912296
129.3600006,127.98196251737085
53.9375,55.808492092647185
16.86625099,16.297847877434712
50.0,49.61535782102963
112.3899994,112.94825481330604
24.125,24.167141343640637
134.1100006,135.80699271627628
35.75,36.36576324025478
23.29545593,23.173216313656887
138.4799957,140.96712158262932
88.81999969,87.6147208361179
75.05000305,75.98591807833759
217.1199951,220.92694365307142
72.77999878,71.60151837746557
42.25,42.1581563236253
5.331185818,5.34960964164884
7.308709145,7.162265919797306
131.5399933,131.67911746795818
69.27999878,68.35918452481337
23.63636398,24.332777482842673
192.7200012,184.34290717038033
65.75,65.13228451411949
70.84999847,70.3766935363137
72.026945113162,45.63277973912342
28.82231331,28.705466176766294
9.089035034,8.992903960947949
98.86000061,96.93812925246834
31.92148781,30.723816012852126
28.63046074,28.55511235400428
66.09999847,66.88099892904458
140.7200012,136.35047794039787
171.5,170.93345875963385
3.961513996,4.0565077512516154
38.0,38.73864778472966
49.875,49.29667629444435
29.32853508,29.45672886568009
84.75,93.28624900280944
138.9199982,139.39304982158617
24.88636398,25.061336831458142
138.0700073,135.57294719479478
48.375,48.49766961706121
42.0,41.79122766647498
69.5,67.38486617064274
72.026945113162,92.4283798578711
56.5,55.85529841629747
70.62999725,70.22636507715181
23.75,23.257093857228014
68.95999908,68.71019320260011
27.82931328,28.52657080314303
108.8000031,109.00957433640554
120.3399963,121.89827922618653
5.470261097,5.549557056443163
114.3499985,98.3621890292562
18.08436966,17.611371501687586
92.0,89.57887747634368
123.2300034,123.33288914145172
61.875,60.8005113438355
6.377756119,6.59125491644275
75.12000275,76.67992606180756
72.29000092,68.61681029281905
79.45999908,78.48896983207494
182.2299957,185.7597601711437
85.95999908,84.23820099685788
36.125,36.377014396609454
25.68181801,25.25000001544131
49.625,50.6284714009724
104.6200027,105.46719859924457
56.5,57.074689236626746
63.13999939,63.33415386358641
30.78512383,30.436478351403203
8.159032822,8.155276020184502
53.13000107,50.29319713322583
73.23000336,69.75685139523812
17.89696693,17.408087858288773
51.65000153,50.887259213866
19.48988914,18.317382738842767
38.625,38.662044216892696
78.16999817,79.02493583712071
114.6900024,115.37575693692933
123.5899963,125.13125583513349
6.374244213,6.363281813029971
68.25,69.3264625040973
7.228393078,7.2807757207130095
13.11819458,13.10353360544643
77.73999786,77.80125244129952
55.50999832,56.22191840433101
109.2600021,107.94397108371425
97.15000153,97.34640670811567
23.5,23.079713432219684
118.75,115.98507680480611
138.7400055,137.21013564860803
116.3199997,116.46854748614777
24.58677673,25.224401864103335
77.54000092,78.23534706936802
93.13999939,85.23523254745642
122.0100021,124.58218230679026
134.2599945,135.40385794932675
112.1100006,108.65616551204263
49.125,49.25479977441995
120.3199997,120.56296444326568
117.6900024,116.16304867913834
74.44999695,74.3246122745973
62.875,62.09458683808106
86.9375,86.47742498045434
63.08000183,62.14660513128849
76.73000336,77.47957128360379
17.7095623,17.51995017663304
133.5099945,135.30867055270144
105.1200027,103.69284522973153
42.0,41.241019513971594
25.72314072,25.964556105853276
20.42690468,20.762752977490123
71.22000122,69.59949113420417
128.2799988,126.49335350688159
124.0,123.64119108657015
174.2299957,174.97111911336773
183.5299988,120.90842251946648
125.9199982,128.8398763730666
22.625,22.268589783783447
43.125,42.88698930095107
29.70334053,30.404352390861987
64.94999695,65.17253726848827
111.3000031,112.46298307803488
74.75,74.41914039305921
97.47000122,98.81223260515188
4.419476032,4.41570800754269
127.9300003,128.4355080590994
117.5299988,117.57259413561212
122.7900009,120.7420310188757
44.875,44.474323690699755
5.671145916,5.739185776688643
28.57892418,28.705264622345553
128.3200073,126.63126703259579
72.33999634,74.12436145463805
126.8899994,126.68931696023151
182.8200073,186.82606660874083
115.1500015,113.89079509670759
7.139153957,7.126171848482173
141.0299988,140.40128137258472
56.125,55.98543149383807
37.875,38.30255649947926
4.040450096,4.0493243611580425
138.6300049,138.78763961138463
122.5899963,122.77411502113803
23.40909195,23.52519419739314
41.625,41.207818513217404
48.40000153,47.118533164574814
25.22727394,24.694903867967426
47.40999985,48.101647267250414
121.2900009,119.64718977901313
106.8700027,107.68659473681983
46.5,46.295420207821884
7.027604103,7.025992841291355
78.98000336,78.29322727883977
4.249495983,4.392356806891485
41.0,41.155036550238734
51.375,50.94393132829164
49.875,49.20500190564822
4.759436131,4.8931572886945105
108.5500031,110.28137674123823
77.20999908,78.24531163771549
74.59999847,75.04218417863667
89.38999939,88.40254866408789
67.45999908,66.98882574155786
172.8399963,172.61030357524197
140.8800049,137.74904506063365
116.0800018,115.35531549934342
34.75,34.52123135942035
3.989609957,4.063778654473978
20.6143055,20.42918645242103
66.34999847,63.999907262564236
77.08999634,76.20718390219756
107.2900009,106.19777121435311
244.3200073,238.15584388941932
56.75,54.77604427488923
6.884183884,6.896226517683942
28.57892418,28.470513370719445
122.5899963,102.81521774535904
102.4700012,103.61261452917843
6.034285069,6.1269583681500706
52.18999863,52.00388549276306
45.79999924,45.781993899231665
72.026945113162,79.04156572964403
101.4499969,103.95421132195561
196.8800049,196.74937761096095
31.375,31.059429944383574
70.70999908,70.40905610227783
55.625,54.10858215007623
5.69432497,5.725866891089424
30.99173546,31.06195430852285
227.2400055,230.8400375409883
55.5,54.01160008317783
62.9375,64.34810671048862
38.0,38.14452583291037
137.5200043,133.91032307008595
33.07659149,32.93386405462848
77.37000275,77.62371423686093
78.97000122,77.22929919356764
76.0,76.0745489327504
31.625,30.856074651525212
19.48988914,18.586784885316888
120.0,119.311801585725
136.6900024,136.1462257685074
78.09999847,82.8515734141251
142.1600037,142.48622507920075
106.1600037,106.31767735327256
29.75206566,29.78524033428029
117.2799988,117.29037956398722
210.0399933,210.1176513282103
29.64875984,29.4182374099966
24.54976463,23.75440710303136
3.946796894,3.927311766210053
32.25,31.92721869412798
54.63000107,55.68349274244745
7.496110916,7.332830859378589
117.6999969,116.74430841845634
6.204265118,40.82584296577262
70.04000092,70.41805656429543
123.8600006,124.10675840212801
151.3399963,150.022344483221
24.625,23.988976597147882
71.86000061,71.21786388228362
63.52999878,65.1466803911593
37.625,38.03155559521814
101.2200012,102.83121025409848
21.45761871,21.502941555613326
172.1300049,166.0411841959347
85.91999817,85.77292321972817
68.87999725,68.72914907062494
73.69999695,74.03978514208025
48.40000153,48.128134229639244
142.4299927,141.72998159381092
114.7099991,114.07113512764562
71.87999725,72.02713510088827
69.69999695,70.23965860453545
